{
    "name": "root",
    "gauges": {
        "lightbike_ppo.Policy.Entropy.mean": {
            "value": 0.034660350531339645,
            "min": 0.02310110814869404,
            "max": 1.0981525182724,
            "count": 500
        },
        "lightbike_ppo.Policy.Entropy.sum": {
            "value": 695.9798583984375,
            "min": 458.69561767578125,
            "max": 22964.56640625,
            "count": 500
        },
        "lightbike_ppo.Environment.EpisodeLength.mean": {
            "value": 1181.5238095238096,
            "min": 207.16470588235293,
            "max": 1429.2727272727273,
            "count": 500
        },
        "lightbike_ppo.Environment.EpisodeLength.sum": {
            "value": 24812.0,
            "min": 11807.0,
            "max": 27842.0,
            "count": 500
        },
        "lightbike_ppo.LightBike.Training.WinRate.mean": {
            "value": 0.2857142857142857,
            "min": 0.0,
            "max": 1.0,
            "count": 500
        },
        "lightbike_ppo.LightBike.Training.WinRate.sum": {
            "value": 2.0,
            "min": 0.0,
            "max": 10.0,
            "count": 500
        },
        "lightbike_ppo.LightBike.Training.EpisodeLength.mean": {
            "value": 547.5714285714286,
            "min": 208.16470588235293,
            "max": 1173.2,
            "count": 500
        },
        "lightbike_ppo.LightBike.Training.EpisodeLength.sum": {
            "value": 3833.0,
            "min": 417.0,
            "max": 22266.0,
            "count": 500
        },
        "lightbike_ppo.LightBike.Training.TotalReward.mean": {
            "value": -0.4919947385787964,
            "min": -1.254671335220337,
            "max": 1.0736122131347656,
            "count": 500
        },
        "lightbike_ppo.LightBike.Training.TotalReward.sum": {
            "value": -3.4439631700515747,
            "min": -86.14745438098907,
            "max": 7.28123664855957,
            "count": 500
        },
        "lightbike_ppo.Step.mean": {
            "value": 9999952.0,
            "min": 19998.0,
            "max": 9999952.0,
            "count": 500
        },
        "lightbike_ppo.Step.sum": {
            "value": 9999952.0,
            "min": 19998.0,
            "max": 9999952.0,
            "count": 500
        },
        "lightbike_ppo.Policy.ExtrinsicValueEstimate.mean": {
            "value": -0.02182074636220932,
            "min": -0.2799442410469055,
            "max": 0.03248238191008568,
            "count": 500
        },
        "lightbike_ppo.Policy.ExtrinsicValueEstimate.sum": {
            "value": -3.5786025524139404,
            "min": -50.38996124267578,
            "max": 5.26214599609375,
            "count": 500
        },
        "lightbike_ppo.Environment.CumulativeReward.mean": {
            "value": -0.12293979383539408,
            "min": -1.0595378224679735,
            "max": 0.47373696607408217,
            "count": 500
        },
        "lightbike_ppo.Environment.CumulativeReward.sum": {
            "value": -2.4587958767078817,
            "min": -86.14745451300405,
            "max": 8.527265389333479,
            "count": 500
        },
        "lightbike_ppo.Policy.ExtrinsicReward.mean": {
            "value": -0.12293979383539408,
            "min": -1.0595378224679735,
            "max": 0.47373696607408217,
            "count": 500
        },
        "lightbike_ppo.Policy.ExtrinsicReward.sum": {
            "value": -2.4587958767078817,
            "min": -86.14745451300405,
            "max": 8.527265389333479,
            "count": 500
        },
        "lightbike_ppo.Losses.PolicyLoss.mean": {
            "value": 0.016334351043527325,
            "min": 0.01623091963119805,
            "max": 0.030946786243778963,
            "count": 500
        },
        "lightbike_ppo.Losses.PolicyLoss.sum": {
            "value": 0.03266870208705465,
            "min": 0.01623091963119805,
            "max": 0.061893572487557925,
            "count": 500
        },
        "lightbike_ppo.Losses.ValueLoss.mean": {
            "value": 0.0027305776175732413,
            "min": 0.00010091432486660778,
            "max": 0.03318976014852524,
            "count": 500
        },
        "lightbike_ppo.Losses.ValueLoss.sum": {
            "value": 0.005461155235146483,
            "min": 0.00010091432486660778,
            "max": 0.03799130823463201,
            "count": 500
        },
        "lightbike_ppo.Policy.LearningRate.mean": {
            "value": 2.0942493022499913e-07,
            "min": 2.0942493022499913e-07,
            "max": 0.0002996922601025801,
            "count": 500
        },
        "lightbike_ppo.Policy.LearningRate.sum": {
            "value": 4.1884986044999826e-07,
            "min": 4.1884986044999826e-07,
            "max": 0.0005984551505149498,
            "count": 500
        },
        "lightbike_ppo.Policy.Epsilon.mean": {
            "value": 0.10006977500000003,
            "min": 0.10006977500000003,
            "max": 0.19989742000000005,
            "count": 500
        },
        "lightbike_ppo.Policy.Epsilon.sum": {
            "value": 0.20013955000000005,
            "min": 0.10269739999999998,
            "max": 0.39948505,
            "count": 500
        },
        "lightbike_ppo.Policy.Beta.mean": {
            "value": 1.3481772499999985e-05,
            "min": 1.3481772499999985e-05,
            "max": 0.0049948812579999995,
            "count": 500
        },
        "lightbike_ppo.Policy.Beta.sum": {
            "value": 2.696354499999997e-05,
            "min": 2.696354499999997e-05,
            "max": 0.009974303995,
            "count": 500
        },
        "lightbike_ppo.IsTraining.mean": {
            "value": 1.0,
            "min": 1.0,
            "max": 1.0,
            "count": 500
        },
        "lightbike_ppo.IsTraining.sum": {
            "value": 1.0,
            "min": 1.0,
            "max": 1.0,
            "count": 500
        }
    },
    "metadata": {
        "timer_format_version": "0.1.0",
        "start_time_seconds": "1774023175",
        "python_version": "3.10.11 (tags/v3.10.11:7d4cc5a, Apr  5 2023, 00:38:17) [MSC v.1929 64 bit (AMD64)]",
        "command_line_arguments": "C:\\Users\\12005678\\mlagents-env\\Scripts\\mlagents-learn C:\\Users\\12005678\\DEV\\LightBikeRL\\lightbike_ppo.yaml --run-id=SurvivalOnly600",
        "mlagents_version": "1.1.0",
        "mlagents_envs_version": "1.1.0",
        "communication_protocol_version": "1.5.0",
        "pytorch_version": "2.10.0+cu130",
        "numpy_version": "1.23.5",
        "end_time_seconds": "1774027267"
    },
    "total": 4091.5238599999575,
    "count": 1,
    "self": 0.005165399983525276,
    "children": {
        "run_training.setup": {
            "total": 0.08971610001754016,
            "count": 1,
            "self": 0.08971610001754016
        },
        "TrainerController.start_learning": {
            "total": 4091.4289784999564,
            "count": 1,
            "self": 5.533696307218634,
            "children": {
                "TrainerController._reset_env": {
                    "total": 6.607794899959117,
                    "count": 1,
                    "self": 6.607794899959117
                },
                "TrainerController.advance": {
                    "total": 4079.241453992785,
                    "count": 625051,
                    "self": 5.1564006499247625,
                    "children": {
                        "env_step": {
                            "total": 2964.073716848041,
                            "count": 625051,
                            "self": 2030.6257310182555,
                            "children": {
                                "SubprocessEnvManager._take_step": {
                                    "total": 929.7471606998006,
                                    "count": 625051,
                                    "self": 17.503921339754015,