{"count":1,"self":2403.5985407999997,"total":26728.8858195,"children":{"InitializeActuators":{"count":2,"self":0.0010105,"total":0.0010105,"children":null},"InitializeSensors":{"count":2,"self":0,"total":0,"children":null},"AgentSendState":{"count":10000054,"self":30.614323199999998,"total":127.9566352,"children":{"CollectObservations":{"count":20000108,"self":26.418142399999997,"total":26.4181419,"children":null},"WriteActionMask":{"count":20000108,"self":6.4366959999999995,"total":6.4366959999999995,"children":null},"RequestDecision":{"count":20000108,"self":23.4244336,"total":64.4874746,"children":{"AgentInfo.ToProto":{"count":10000054,"self":13.787513599999999,"total":41.0630416,"children":{"GenerateSensorData":{"count":10000054,"self":27.2755296,"total":27.2755282,"children":null}}}}}}},"DecideAction":{"count":10000054,"self":24158.604492799997,"total":24158.6047086,"children":null},"AgentAct":{"count":10000054,"self":38.5647008,"total":38.564699399999995,"children":null},"AgentInfo.ToProto":{"count":31980,"self":0.0637071,"total":0.1601381,"children":{"GenerateSensorData":{"count":31980,"self":0.096430999999999989,"total":0.096430999999999989,"children":null}}}},"gauges":{"lightbike_ppo.CumulativeReward":{"count":63960,"max":1.33333373,"min":-7.04399967,"runningAverage":0.00287998375,"value":1.32200027,"weightedAverage":0.374550164}},"metadata":{"timer_format_version":"0.1.0","start_time_seconds":"1772053324","unity_version":"6000.3.8f1","command_line_arguments":"C:\\Program Files\\Unity\\Hub\\Editor\\6000.3.8f1\\Editor\\Unity.exe -projectpath C:\\Users\\12005678\\DEV\\LightBikeRL -acceptSoftwareTermsForThisRunOnly -useHub -hubIPC -cloudEnvironment production","communication_protocol_version":"1.5.0","com.unity.ml-agents_version":"4.0.2","scene_name":"16_Arena","end_time_seconds":"1772080053"}}