{"count":1,"self":1746.9659136,"total":1760.5539016999999,"children":{"InitializeActuators":{"count":2,"self":0.00099969999999999985,"total":0.00099969999999999985,"children":null},"InitializeSensors":{"count":2,"self":0.0005036,"total":0.0005036,"children":null},"AgentSendState":{"count":78297,"self":0.6309289,"total":1.571473,"children":{"CollectObservations":{"count":156594,"self":0.49403559999999996,"total":0.49403559999999996,"children":null},"WriteActionMask":{"count":156594,"self":0.13871429999999998,"total":0.13871429999999998,"children":null},"RequestDecision":{"count":156594,"self":0.30779419999999996,"total":0.30779419999999996,"children":null}}},"DecideAction":{"count":78297,"self":11.877727199999999,"total":11.8777273,"children":null},"AgentAct":{"count":78297,"self":0.1372386,"total":0.1372386,"children":null}},"gauges":{"lightbike_ppo.CumulativeReward":{"count":154,"max":1.1150986,"min":-1.83478677,"runningAverage":-0.196625739,"value":-0.245894119,"weightedAverage":-0.09417692}},"metadata":{"timer_format_version":"0.1.0","start_time_seconds":"1776610955","unity_version":"6000.3.8f1","command_line_arguments":"C:\\Program Files\\Unity\\Hub\\Editor\\6000.3.8f1\\Editor\\Unity.exe -projectpath C:\\Users\\12005678\\DEV\\LightBikeRL -acceptSoftwareTermsForThisRunOnly -useHub -hubIPC -cloudEnvironment production","communication_protocol_version":"1.5.0","com.unity.ml-agents_version":"4.0.2","scene_name":"1Arena_35x35","end_time_seconds":"1776612716"}}