{"count":1,"self":639.2390144,"total":13335.910655,"children":{"InitializeActuators":{"count":8,"self":0.0014843,"total":0.0014843,"children":null},"InitializeSensors":{"count":8,"self":0.0005076,"total":0.0005076,"children":null},"AgentSendState":{"count":2500085,"self":24.153454399999998,"total":109.6177427,"children":{"CollectObservations":{"count":20000680,"self":28.8539872,"total":28.853987399999998,"children":null},"WriteActionMask":{"count":20000680,"self":5.9852792,"total":5.9852792999999993,"children":null},"RequestDecision":{"count":20000680,"self":18.411182399999998,"total":50.625021,"children":{"AgentInfo.ToProto":{"count":10000340,"self":11.4304736,"total":32.213837999999996,"children":{"GenerateSensorData":{"count":10000340,"self":20.783364799999998,"total":20.783364499999998,"children":null}}}}}}},"DecideAction":{"count":2500085,"self":7694.8283391999994,"total":7694.8284961,"children":null},"AgentAct":{"count":2500085,"self":4892.1702399999995,"total":4892.1936705,"children":{"AgentInfo.ToProto":{"count":4421,"self":0.0075698,"total":0.023347,"children":{"GenerateSensorData":{"count":4421,"self":0.015777199999999998,"total":0.015777199999999998,"children":null}}}}},"AgentInfo.ToProto":{"count":4727,"self":0.017552699999999997,"total":0.0292393,"children":{"GenerateSensorData":{"count":4727,"self":0.0116866,"total":0.0116866,"children":null}}}},"gauges":{"lightbike_ppo.CumulativeReward":{"count":18296,"max":20.2998734,"min":-1.43660247,"runningAverage":3.75728965,"value":1.50001407,"weightedAverage":5.067828}},"metadata":{"timer_format_version":"0.1.0","start_time_seconds":"1772933220","unity_version":"6000.3.8f1","command_line_arguments":"C:\\Program Files\\Unity\\Hub\\Editor\\6000.3.8f1\\Editor\\Unity.exe -projectpath C:\\Users\\12005678\\DEV\\LightBikeRL -acceptSoftwareTermsForThisRunOnly -useHub -hubIPC -cloudEnvironment production","communication_protocol_version":"1.5.0","com.unity.ml-agents_version":"4.0.2","scene_name":"4Arena_35x35 1","end_time_seconds":"1772946556"}}