{"count":1,"self":896.3718144,"total":5358.8576585,"children":{"InitializeActuators":{"count":16,"self":0.0010046999999999999,"total":0.0010046999999999999,"children":null},"InitializeSensors":{"count":16,"self":0.00049929999999999994,"total":0.00049929999999999994,"children":null},"AgentSendState":{"count":1250068,"self":26.124929599999998,"total":115.9179046,"children":{"CollectObservations":{"count":20001088,"self":33.504688,"total":33.5046892,"children":null},"WriteActionMask":{"count":20001088,"self":6.4738352,"total":6.4738349999999993,"children":null},"RequestDecision":{"count":20001088,"self":19.5833248,"total":49.814450699999995,"children":{"AgentInfo.ToProto":{"count":10000544,"self":10.7480336,"total":30.231126699999997,"children":{"GenerateSensorData":{"count":10000544,"self":19.483092799999998,"total":19.4830932,"children":null}}}}}}},"DecideAction":{"count":1250068,"self":4337.6717824,"total":4337.6717408999993,"children":null},"AgentAct":{"count":1250068,"self":8.8431088,"total":8.8695741,"children":{"AgentInfo.ToProto":{"count":4702,"self":0.010112,"total":0.026465299999999997,"children":{"GenerateSensorData":{"count":4702,"self":0.016353299999999998,"total":0.016353299999999998,"children":null}}}}},"AgentInfo.ToProto":{"count":4222,"self":0.013078699999999999,"total":0.024665799999999998,"children":{"GenerateSensorData":{"count":4222,"self":0.0115871,"total":0.0115871,"children":null}}}},"gauges":{"lightbike_ppo.CumulativeReward":{"count":17848,"max":1.0774796,"min":-2.17924547,"runningAverage":-0.06111023,"value":0.0169999935,"weightedAverage":-0.164229572}},"metadata":{"timer_format_version":"0.1.0","start_time_seconds":"1773420130","unity_version":"6000.3.8f1","command_line_arguments":"C:\\Program Files\\Unity\\Hub\\Editor\\6000.3.8f1\\Editor\\Unity.exe -projectpath C:\\Users\\12005678\\DEV\\LightBikeRL -acceptSoftwareTermsForThisRunOnly -useHub -hubIPC -cloudEnvironment production","communication_protocol_version":"1.5.0","com.unity.ml-agents_version":"4.0.2","scene_name":"8Arena_35x35","end_time_seconds":"1773425489"}}